{"cameraMode":{"drawMode":0,"name":"Shaded","section":"Shading Mode"},"sceneLighting":false,"audioPlay":false,"sceneViewState":{"showFog":true,"showMaterialUpdate":false,"showSkybox":false,"showFlares":true,"showImageEffects":true,"showParticleSystems":true},"in2DMode":false,"pivot":{"x":0.006434440612792969,"y":-0.0011320710182189942,"z":0.0},"rotation":{"x":-0.11479193717241287,"y":0.6672561168670654,"z":-0.10516137629747391,"w":-0.7284231185913086},"size":5.892726421356201,"orthographic":false}