{"cameraMode":{"drawMode":0,"name":"Shaded","section":"Shading Mode"},"sceneLighting":false,"audioPlay":false,"sceneViewState":{"showFog":true,"showMaterialUpdate":false,"showSkybox":false,"showFlares":true,"showImageEffects":true,"showParticleSystems":true},"in2DMode":false,"pivot":{"x":0.018876105546951295,"y":-0.6721333265304565,"z":1.6274640560150147},"rotation":{"x":-0.07520977407693863,"y":0.029015449807047845,"z":-0.0021833626087754966,"w":-0.9967789053916931},"size":2.3765363693237306,"orthographic":false}